x,y,shape
-803739264931451,-853052609097935,1
852850728148773,367618436999606,1
927179506105653,-274902437566225,1
-752626056626365,-511565170496435,1
706846224294882,81067919693492,1
10346985222527,394655023166806,1
-475845197699957,989760805249143,1
-460301566967151,-858997792847955,1
-680301544955355,-66149481321353,1
-103196929988978,-219935446644728,1
-242498372239704,-105033275558452,1
-892258364269624,-339169233215386,1
-802034403520755,-77416776747668,1
-471955691399568,-101613798584755,1
119470426661764,-269002460987329,1
-221487390175705,-919131895891675,1
-410475320013416,964479004794388,1
-838935270223631,-407979035023443,1
-889147510805223,614016108166731,1
905564127260602,184568396547991,1
-579485156131487,-884430709419748,1
-703810394965576,54749249234897,1
-107081570617814,-158982746612178,1
100723761879231,385175352050115,1
-584861589344916,700117705614835,1
-881140152628223,-118887593850608,1
326995042961589,998908556122335,1
-104762113766461,118543573060775,1
-119960489461039,-103541072663439,1
-785532935689462,713418469247788,1
64626878403344,-643552160711392,1
-224939369705449,-883275717806866,1
-719297745948344,-10133377180508,1
-495498158632031,-919302400100962,1
-865554333876342,-255682821707783,1
-480275760487044,734425872156833,1
-574924098976696,640987738716475,1
-859579849898589,494432339322621,1
-282655199168274,-863595305793604,1
-100650023359492,-214167241791648,1
785112376070748,312774805168509,1
-978886770481908,-926920873922548,1
-102299946005987,32412276782844,1
-244125143172437,-976346931712131,1
-638082460824449,-762434476965052,1
-704895634788548,689572542922241,1
-968406055714076,298019352526732,1
-108602264565593,-289435663047736,1
-759840322224788,59145342429678,1
-417135393926011,931121521098711,1
-994615580869019,365414202012519,1
-335460820621538,910485656275386,1
-781787666841366,788850198307451,1
-788195033781885,-382897530723648,1
-296723291456035,106271902562954,1
603422610800918,-833291344571032,1
761733476790422,-646470923337219,1
-574894761947336,-783449574962227,1
892144089551772,-216737656126802,1
-500668927396244,863406458649768,1
935075807447338,982503659673027,1
100445878508516,-157533422985375,1
-199669627149437,105929724693854,1
-788029457098908,549092169063638,1
-153348182272421,-908054285092611,1
924897158747716,-488598758672284,1
-481627522180626,-91874824336428,1
727050931431506,-715847173439532,1
636964049749916,-682374393449365,1
900493355216177,-616703059933353,1
894185673965336,836135739105192,1
-5425222885331,875890711251284,1
-822179675227259,642827292222851,1
779052825794606,-64976539940025,1
847976325438972,664998938064364,1
-198008283256926,967988241619847,1
-915473534616129,-109847687726295,1
-443852071619593,739740501972193,1
327674687784267,112732139007325,1
-316080938208137,-112643656248595,1
-280592017806998,-108055137868903,1
-239044981568536,900086951144226,1
-667160482091963,-927902046225187,1
-288130775045701,10723974442798,1
114351740717995,368194543070176,1
306101737108767,111412195803996,1
145245832515131,-104119133384681,1
-349802082479889,-893318737169915,1
-169793292269393,10737454478535,1
-519039046944157,920112779302347,1
-148674442320451,105401573644066,1
282328654744532,-968597288095286,1
678938205546423,679054894442866,1
561420751654583,-837835980771366,1
-444902538912065,-931383629830225,1
107730848239167,-185903203360296,1
-443026705185629,104852266543875,1
859553426566708,42933089337203,1
948430188444215,624660286335679,1
851000286321132,683223795657274,1
100556823868426,102679123571811,1
-404063046357425,-895677024009341,1
-561555799385547,119302631133222,1
-918302974946997,-167889400063166,1
-464684091592427,858479675923712,1
655787359240114,-814389553167456,1
-459383795162073,-795522779410961,1
325764709088111,727156542613987,1
699058897559844,697087173268396,1
-983393630682207,-31629303929479,1
-162387972422149,-100709588144794,1
-722755392591235,-785775098049518,1
-932655882248131,-210556804927335,1
593786837007164,808613317734224,1
-131535800990943,-997819940466373,1
657561270078968,-772887623220216,1
-230537003520968,-119488711063046,1
147786549454241,90507733142605,1
809364662361755,547769233272915,1
-940773532105332,992682567564831,1
-183158587462188,930723685264076,1
-102479889441858,-147806116991631,1
883979304054875,44253917543922,1
102224987721133,716783285836294,1
870243110482124,-265092454603577,1
150713694916895,-899820650087643,1
-858463241202387,-401678136971869,1
-920255517771222,113438466787411,1
-113179983258903,-45531976583577,1
671075537452517,788355722851155,1
962010609559452,253676315897756,1
429357022619571,977455415819045,1
-102679449283217,-990966219886329,1
275202831172387,862920170292931,1
-889399783328264,258912871264317,1
-246533173440828,-825940442183593,1
-87508921730404,-683545953930707,1
-762016528736343,2694716209502,1
106288879524299,-422579095138231,1
-101367435199613,607914395559285,1
-394242392129765,80626712583752,1
557793512169238,68941717467732,1
709019161020004,-783424746882473,1
-110222539987511,-195675276783767,1
633310276138343,-898368647391846,1
299027572505739,-901647800648939,1
700982846252247,-658757092108078,1
703444646192725,444484793266695,1
368201085843829,805240033282262,1
468126811922221,911412309764938,1
-336590789404646,-945557268842443,1
107170840291531,-989140869923707,1
735782299711771,-407961850483818,1
-706783883771521,-584912615808547,1
584758381590279,95348479435022,1
976853725835119,445102193347918,1
-376127262264717,-912243209318243,1
-366289558802117,-992518959981244,1
-639402940830338,100799990727887,1
-544427448886744,838560216492015,1
-605162305441556,-687107735651259,1
-43219680267995,-933534180752326,1
-734427827055947,-545456082604077,1
-859607873542707,580895335599817,1
585066630243338,779951407586247,1
39998738571025,898426232640645,1
618361885869649,-293939839092841,1
-187923042403171,924909816865953,1
-25565024454702,936662697875565,1
753728209277742,-461437859736012,1
925919194575441,-190205600662762,1
299704974266103,-8862509742221,1
-511473413785335,696032530354073,1
-924489383973877,-322967296458316,1
738405241021643,-707329281475652,1
-541463490422534,-71620980248369,1
-973749009689328,571249541979745,1
732233944015412,-607760848889644,1
358758962743715,-809916372380863,1
-100171826524621,-109193699520416,1
-749711052848709,-491216892737906,1
-115092752868017,104954466590307,1
101442242880226,483978803870084,1
982817781831035,-404788603406789,1
88989232439539,592228321047374,1
101582159108917,-257344401589415,1
521892093128782,-902466731713381,1
-387758965412636,109001205370578,1
104568638776806,-411838815610143,1
-49409573887298,-89036998933922,1
-934220780082418,347804830893552,1
-105561097199177,150803255781673,1
-721658536004122,585467536805662,1
604858021674682,873589324705592,1
818547845674429,144189488596859,1
682943657913796,-711958589959827,1
954946951615312,-50948024263441,1
-712926991244591,5144649958367,1
264189236462052,-111945563515997,1
-953450886127909,-431952353422349,1
719424719620428,342023723789449,1
78122532344102,50425588645525,1
-448674824982645,-797766433506738,1
729610881808927,728054013643864,1
106956403940622,173994796432935,1
782162325037311,-66954731694934,1
951081921373602,526949124247762,1
578524274409515,799631021606636,1
-389253887633099,-979950693224914,1
-695850903239681,74010781886963,1
679723708054904,-753955282932089,1
-792915172537123,112464208667136,1
831811410393484,311254021582021,1
-104035342292313,143895845177787,1
-258739512322615,-978908628795017,1
646792475248678,-745640187088232,1
-142580239669567,108441927896604,1
-119589947035329,259384171561046,1
-370360607327122,-785791441959866,1
574262476625732,-676210803794401,1
649384457387304,603707104643433,1
801917625370865,445561853694964,1
918427807794437,-310317717083253,1
925833491151114,216067569467763,1
393500382920643,763553073072889,1
-395457154352827,74544893370225,1
109011903858549,-295959450202136,1
943823817197774,-420454059293226,1
-589473794824837,753436992780498,1
253709703746087,-888716989343685,1
-112106445991979,103427843206991,1
-398277706688312,106449932226489,1
-608624967258461,-812764556314253,1
188079180609719,988583731268842,1
122181762454557,-113223241461579,1
-682956931481981,-856316197100266,1
-871042485898648,107603623454814,1
-986757612504687,262333951028506,1
59838611617589,-832175698200264,1
492569475183698,936907840973156,1
216319218992883,971096177835475,1
401345265027515,-725683953983563,1
-105021514448482,104895622217865,1
863635924180081,-624883810978345,1
119057317206385,-12036871313323,1
372316240158177,-106455039475801,1
108019337898433,446708194182857,1
967801214954352,263154818995415,1
179958624681512,-996118123050014,1
915290163437367,191892721747891,1
537063349478433,-743538780550452,1
903678975993969,-561382131426721,1
917140694954889,-442510167533206,1
809630250677841,588982110161789,1
-800227552303827,-378002610743288,1
-850376508714253,473175828001378,1
80779474268597,553214405595499,1
-101674867835129,-253194711098617,1
937522429313613,-474724584956915,1
539614470805238,890387777716435,1
749676059781083,-83595287885724,1
-568716243473493,855219375950694,1
231427011580253,-747461872770869,1
-927497615461916,-601465711670837,1
281684155853889,-104902465761422,1
-809635932987764,-716048959830607,1
-246697209206619,-100837112564446,1
-67863393402558,-753586681746985,1
219364731264358,101412121262128,1
50694165195034,-853311138010887,1
-423679318161418,848937441278224,1
91514435427793,148185177375934,1
433598129952754,-737154095526694,1
756401798264804,-625579140465025,1
10953763807967,-291805356192526,1
-934517998110399,404302674232829,1
926942726470066,-388022249272289,1
673061121038585,588378026514391,1
-767605433164253,-922424010051386,1
441338201742741,-858888328459777,1
-990156607660885,384544494129356,1
322583280896274,-107042423093878,1
-568774381499486,740375036176209,1
674575907560944,-644941843037983,1
-533057086265142,-945085809741306,1
513921363026318,-918111962222985,1
-738245392999902,567239675357562,1
-171122385234448,-9984368939862,1
-110484021463331,183653910212458,1
122506260394387,-973069017921902,1
103024045365746,804272410125602,1
416450929395599,960155449414066,1
-958693760165291,223958404214168,1
-338922337337827,912213801816394,1
988649501371352,567465623984957,1
114810148400752,-357309862732224,1
-345145597789425,102594534679556,1
-793864621028079,-580611772163497,1
388372872726285,109498649351442,1
32211863991541,10573634653259,1
-775505693304205,796575839393479,1
-612419610381527,694787550466195,1
-643334944917567,-829474218859188,1
564524200779898,-82887838692339,1
-442407587523097,-102886858405281,1
-684082082037474,-682210661270603,1
-772663163226427,591019434597205,1
808936469007161,-626609724628902,1
-421530366085706,783201290747796,1
529090103347753,-89193396470941,1
614093553389025,728875285244397,1
197285802448038,89577872006212,1
-687219741053546,-608432753926829,1
-288308023089339,103844317861909,1
-789786264848859,-580753227813211,1
757778941460476,-842400216680867,1
345538463504746,-70504736830588,1
103261002161624,773145280011211,1
-898876083068126,622981910226513,1
-260046899581901,741245321191922,1
-221503192892522,-101970250136357,1
227598550134045,-922520718512337,1
-440313997306747,906369857145299,1
-108931846717497,272519920397231,1
143677509365845,102988836199991,1
-728457466270771,-69828069628811,1
939064508307494,157417709632563,1
-11438321011145,-332988943569015,1
108553370843203,209132979620321,1
-830920454449005,-859403633394485,1
277577001830735,942971744070482,1
687953842005412,843943031917534,1
-209648050796496,911495103578342,1
853407743483151,-407064410089722,1
-211136460732827,-876519251830709,1
-841486947307173,-381415661609632,1
-233492265206864,975239652650674,1
817752010143394,-180794929372173,1
-89558816409719,44178011310452,1
-773780106445548,369665471388397,1
-220031118144815,935135185017718,1
877979400561088,-65602627161457,1
371135099585864,101738764583034,1
786717304455697,-517424356292468,1
353685613310645,-105787851824217,1
110302624388274,418329421243435,1
-254478032628077,817798747130844,1
-842662103671188,-533240979347842,1
-107073341956692,165433031289784,1
-43705565191807,72672580096841,1
-103670712201608,-243436412437586,1
885086280209465,258103549220195,1
-505149336170681,879571313677461,1
-925513589309662,299900336979257,1
-824474848164796,-332469834568734,1
990277384228785,766065956562731,1
969772435634061,-754870927249778,1
-585403466496254,-741662504477354,1
-661999406267167,-61414741404037,1
101198638056971,-47667175875113,1
966548570381054,475916022492044,1
838584727879502,-186746548620077,1
878131611356155,-108794970457405,1
-127461080934006,931957732524845,1
-104004940995367,-421467654110335,1
600165190633169,639287959366475,1
-102731178943214,108126617483183,1
751166501358901,-806561522018881,1
204451199747536,114891698194219,1
923292677308253,410913409068384,1
-226554642791045,98677171749888,1
-844961066365106,-517983262414103,1
880634893237017,-713072941804325,1
-144882147798026,921919457716819,1
-901185157310547,334708590208379,1
678986619221055,-639580208310834,1
-100715891410973,-935706809243029,1
-883369117607804,-389228714820764,1
821963371429192,-457753150960789,1
-105302982620846,-248142190187869,1
-823277992126115,699294077122332,1
-112949078260883,-207680133628767,1
-341667709676553,-102715467378727,1
106866811358704,228433107235093,1
746526999229566,-154390984465382,1
106198981154619,-131627803266911,1
819370501761788,640140889084776,1
31085357101536,-112769634468109,1
-861660126853297,-424929232874921,1
866194005726362,-802868048632051,1
944726893932346,365375974826557,1
-108902396125854,-501960648043487,1
-684220201300069,-764100794822363,1
785642706081441,443028447043243,1
118741376605818,950935377160464,1
974779967880748,799520997664721,1
292103707296016,107466828932113,1
488792446872117,-664979525197406,1
-312249853111461,-94213661600676,1
-637073607732378,-905257160232135,1
-32149570597258,-341221043639174,2
341140291259509,147047374799842,2
370871802442261,-10996097502649,2
-301050422650546,-204626068198574,2
282738489717953,324271678773968,2
413879408901078,157862009266722,2
-190338079079983,395904322099657,2
-184120626786861,-343599117139182,2
-272120617982142,-264597925285412,2
-412787719955912,-879741786578911,2
-969993488958817,-420133102233808,2
-35690334570785,-135667693286154,2
-320813761408302,-309667106990672,2
-188782276559827,-406455194339019,2
477881706647054,-107600984394932,2
-885949560702821,-36765275835667,2
-164190128005366,385791601917755,2
-335574108089452,-163191614009377,2
-355659004322089,245606443266692,2
362225650904241,738273586191962,2
-231794062452595,-353772283767899,2
-28152415798623,218996996939588,2
-428326282471257,-635930986448711,2
402895047516922,154070140820046,2
-233944635737966,280047082245934,2
-352456061051289,-475550375402433,2
130798017184635,399563422448934,2
-419048455065845,474174292243102,2
-479841957844155,-414164290653758,2
-314213174275785,285367387699115,2
258507513613376,-257420864284557,2
-899757478821796,-353310287122746,2
-287719098379338,-405335087220321,2
-198199263452812,-367720960040385,2
-346221733550537,-102273128683113,2
-192110304194818,293770348862733,2
-229969639590679,25639509548659,2
-343831939959436,197772935729049,2
-113062079667309,-345438122317442,2
-402600093437967,-856668967166593,2
314044950428299,125109922067404,2
-391554708192763,-370768349569019,2
-409199784023947,129649107131376,2
-976500572689749,-390538772684852,2
-255232984329779,-304973790786021,2
-281958253915419,275829017168896,2
-38736242228563,119207741010693,2
-434409058262372,-115774265219094,2
-303936128889915,236581369718712,2
-166854157570404,372448608439484,2
-397846232347608,146165680805008,2
-134184328248615,364194262510155,2
-312715066736546,31554007932298,2
-315278013512754,-153159012289459,2
-118689316582414,425087610251815,2
241369044320367,-333316537828413,2
304693390716169,-258588369334887,2
-229957904778934,-313379829984891,2
356857635820709,-866950624507208,2
-200267570958498,345362583459907,2
374030322978935,393001463869211,2
401783514034063,-6301336919415,2
-79867850859775,423718898775417,2
-315211782839563,219636867625455,2
-613392729089683,-363221714037044,2
369958863499086,-195439503468914,2
-19265100887225,-367499297345712,2
290820372572602,-286338869375813,2
254785619899967,-272949757379746,2
360197342086471,-246681223973341,2
357674269586134,334454295642077,2
-21700891541324,350356284500514,2
-328871870090904,257130916889141,2
311621130317843,-2599061597601,2
339190530175589,265999575225745,2
-792033133027703,387195296647939,2
-366189413846451,-439390750905179,2
-177540828647837,295896200788877,2
131069875113707,450928556029301,2
-126432375283255,-450574624994379,2
-112236807122799,-432220551475612,2
-956179926274144,36003478045769,2
-266864192836785,-371160818490075,2
-11525231001828,42895897771192,2
45740696287198,147277817228071,2
122440694843507,445648783215986,2
580983330060524,-416476533538724,2
-139920832991956,-357327494867966,2
-679173169077572,429498179141401,2
-207615618777663,368045111720939,2
-594697769281804,421606294576266,2
112931461897813,-387438915238114,2
271575282218569,271621957777146,2
224568300661833,-335134392308546,2
-177961015564826,-37255345193209,2
430923392956667,-743612813441184,2
-177210682074251,4194090661755,2
343821370626683,171732357348812,2
379372075377686,249864114534271,2
340400114528453,27328951826291,2
402227295473704,410716494287244,2
-16162521854297,-358270809603736,2
-224622319754219,477210524532888,2
-367321189978799,-671557600252662,2
-185873636636971,343391870369485,2
262314943696046,-325755821266982,2
-183753518064829,-318209111764384,2
130305883635245,290862617045595,2
279623559023937,278834869307359,2
-393357452272883,-126517215717916,2
-649551889688598,-402838352579174,2
-289102157036494,-314310039219807,2
-373062352899252,-842227219709338,2
237514734802865,32344532709369,2
-526143203963773,-399127976186549,2
263024508031587,-309155049288087,2
-922148014083873,-477954844252182,2
591146197816963,36203093257042,2
323745864944702,219107693309166,2
-376309412842133,397073027025932,2
-732634349848752,37228947410563,2
-409919557767433,-591224467966523,2
35359172162195,177015670175688,2
40889995088453,286713314334518,2
348097244192849,-106036981841431,2
602854779667578,-359928260035057,2
-343385296480955,-160671254788748,2
-368102207108489,453753867149645,2
-452719933035612,-182127906334308,2
268430214981007,315342289140462,2
384804243823781,101470526359102,2
171742809047828,390982166327618,2
-41071779713287,-396386487954532,2
110081132468955,345168068117172,2
-355759913331306,103565148505727,2
-986132693763311,-330376176873437,2
-350035686921616,-273418381572283,2
-304806611494537,10778864838008,2
425155518097195,-169031638055293,2
-405469740798453,243165758223714,2
-157696956851906,322506850335008,2
223117404867695,275766869870928,2
283607664408002,-313369898752989,2
-440890159950042,-782701107135069,2
253324110455337,-359347458956739,2
119611029002295,-360659120259576,2
280393138500899,-263502836843231,2
28137785847709,177793917306678,2
147280434337532,322096013312905,2
187250724768888,364564923905975,2
-134636315761858,-378222907536977,2
428683361166123,-395656347969483,2
294312919884708,-163184740193527,2
-282713553508608,-233965046323419,2
233903352636112,381393917740088,2
390741490334048,178040877339167,2
-150450904905887,-364897283727297,2
-146515823520847,-397007583992498,2
-255761176332135,403199962911548,2
-217770979554698,335424086596806,2
-242064922176622,-274843094260504,2
-17287872107198,-37341367230093,2
-293771130822379,-218182433041631,2
-343843149417083,232358134239927,2
234026652097335,311980563034499,2
1599949542841,359370493056258,2
24734475434786,-117575935637136,2
-751692169612686,369963926746381,2
-102260097818808,374665079150226,2
301491283711097,-184575143894405,2
370367677830176,-760822402651048,2
119881989706441,-35450038968884,2
-204589365514134,278413012141629,2
-369795753589551,-129186918583326,2
295362096408657,-282931712590261,2
-216585396169014,-286483920993476,2
-389499603875731,228499816791898,2
292893577606165,-243104339555858,2
143503585097486,-323966548952345,2
-400687306098485,-436774798081662,2
-299884421139484,-196486757095162,2
-460371011472069,419817866361229,2
405768971520905,193591521548034,2
393127112732414,-161915441362716,2
355956929758156,23689132841895,2
406328636435668,-102937760635766,2
208756837251513,-360986692685352,2
-155103586165054,436004821482313,2
418274555107225,-164735526244057,2
-197638295549192,-356147995735688,2
-373688312032967,139121932357421,2
-422244388796709,603213023126692,2
-288663414401649,234187014722265,2
241943208669873,349435729882237,2
327419138269771,576757954387438,2
273177463165518,-284783435983931,2
381978780646125,-203792097053764,2
-285170796497836,20578599833468,2
105675694584821,-447782254063988,2
-381380354451164,-172780941368939,2
287769887848171,13680948951578,2
312490129376408,2017023545821,2
-179469929993058,-319106573402695,2
291844352723571,291221605457545,2
427825615762487,695979185731741,2
312864930014925,-267818926779736,2
380432768549441,210779649699105,2
231409709763806,319852408642654,2
-15570155505324,-391980277289965,2
-278340361295872,296043127547852,2
271889483221962,-301582113172836,2
-317166069014849,449856834668542,2
332724564157394,124501608632808,2
-416141369169252,575583380711147,2
-103495804929046,-391563451518007,2
258716990099471,-298256074835293,2
-570320958678266,433767711586417,2
-478359788141314,103753668624419,2
-148144242930849,-314316576783946,2
229704990650293,-27048432151776,2
259753782954921,241482841857373,2
320767050148346,178224741477986,2
367371123117775,-124127086833301,2
370333396460445,864270277871052,2
157400153168257,305421229229156,2
-158182861741131,2981795734809,2
436047615434197,-118383780080854,2
37752952687911,-16818162371729,2
-235789517929935,301374797112199,2
101483881498435,-355486795737474,2
-448425783967916,413711372827964,2
-159311082675325,425799728905955,2
-243449986903385,-325105822525701,2
752316722438876,395433492507537,2
488727049818226,-452892965846317,2
-273182772592792,-342526478840106,2
-348416994359459,430414493819257,2
-394703045001875,104933580411402,2
239354446470356,-332870279280106,2
197027790073479,374763136389262,2
865276875971532,38843847113419,2
160538106011006,-290273581593425,2
-420086057793929,419582488871461,2
345454369672033,-249953524391338,2
47622926882554,-48147485253292,2
148926496063271,-425820157903204,2
432077351593733,178683277673143,2
387120485981741,105261927598166,2
719834498726049,-398447249220006,2
366116065374947,767570886991562,2
214825339791373,-297415512220181,2
361471590397588,-224552852570688,2
366856277981956,-177004067013283,2
323852100271136,235592844064716,2
-320091020921531,-151201044297315,2
-340150603485701,189270331200551,2
323117897074388,2212857622382,2
-406699471340516,-101277884439447,2
375008971725445,-189889833982766,2
215845788322095,356155111086574,2
299870423912433,-334381151542896,2
-227486497389397,342087750380277,2
92570804632101,-298984749108348,2
-370999046184766,-240586284668335,2
112673662341556,-419609863045686,2
-323854373195106,-286419583932243,2
-986788836826475,-403348450257786,2
-271453573610232,-301434672698794,2
877458925057434,405648485048512,2
202776660780136,-341324455204355,2
-169471727264567,33957497651129,2
366057741711172,592740709503737,2
173439251981102,-294861638210677,2
302560719305921,-25023165618601,2
438150552318681,-11672214247701,2
-37380719924416,161721069693131,2
370777090588026,-155208899708916,2
269224448415434,235351210605756,2
-307042173265701,-368969604020554,2
176535280697096,-343555331383911,2
-396062643064354,153817797651742,2
129033312358509,-428169692375511,2
-227509752599794,296150014470484,2
269830363024378,-257976737215193,2
-213222834506057,-378034323896522,2
205568545210527,-367244784889194,2
-295298157199961,226895870143025,2
-684489540937793,-39937475759448,2
-441936085853324,73461564084983,2
49002504157755,-389227607168761,2
412096181462985,321708964050241,2
16658037175824,384062179765626,2
-383477504066116,895833616856671,2
-135568934935131,364885520726558,2
395459800548541,226986249593983,2
459240593603007,-142923945092889,2
-13805823911577,410378138718226,2
-317545848411232,-232244708865399,2
155349149090514,43799459740577,2
128847455966164,42294538613036,2
-310202277321682,318630335757392,2
-244967844152611,277915020186478,2
-257333977967027,-331789687543675,2
225809680311959,-331551354769356,2
-176963035009239,-411547433621122,2
-273632832814989,-272884264508241,2
-309065265290571,236407773838882,2
323574587602864,-250643889851561,2
-168612146434282,313280516299118,2
211636041339101,-356773585883764,2
24563742135561,291550114097759,2
789143209792152,358311488024848,2
-274887896421419,-243373101570731,2
-115323209235735,415377271447636,2
-315914505939544,-232301291125284,2
30311157658419,-336960086672347,2
138215385401898,-282018947322352,2
413044008646495,309258112004484,2
-35955043322725,249192764090605,2
-10401875983276,296498128476769,2
-886012771570088,-407881000545427,2
9,"1,00E+00","0,00E+00"
-176125598922699,362547942858119,2
-435727386869988,109007968158893,2
574710037463378,411955344799965,2
-291382986508308,-279312278515244,2
375625803322998,629670838530253,2
-4575328404458,-133195577427606,2
434213483372812,836531918481283,2
-332368181779602,-343761453357794,2
111030800732294,377188697628193,2
275181536802165,337577212767014,2
-838592203185986,364598041431337,2
34136309739326,-162825764035889,2
-844545842931308,-350607700732284,2
-336594778922869,-152566264643853,2
-933969060827458,39009586106027,2
327100804057358,-723179717488691,2
-358235265638876,176712045241808,2
-309512042578219,147866188555359,2
-880124472579259,374054074007087,2
351191760224435,-262410508645828,2
148454039834346,406955058332135,2
314686921782279,-206969742516987,2
141474245324258,-423151407296866,2
441210497553094,167331768497374,2
-101791213051231,327119498852337,2
-337064841468475,-213296391739137,2
-428293367826768,661732125159136,2
-174822260767228,290690320387364,2
-41468284880643,-973745649750346,2
354034512083786,103241419688078,2
-202059734468272,351828525470984,2
-370205435723865,119960134791703,2
-329789939265918,-132987933827494,2
396110953691514,306426382625092,2
387908974253625,-301948370899911,2
-234161386598502,-296665001790942,2
-264799762506867,-245658965616148,2
404794552227883,-190668703500452,2
386619428152422,190366408996818,2
335433891151801,-746986194480308,2
351252644542462,-435179881829621,2
-509844323736022,372783093009938,2
-416019763981467,-168587061644134,2
240066076253268,25571518374659,2
-410924715772855,432506469932731,2
300466600543561,-322624608807552,2
817804798990143,459566792776878,2
369317070923301,164365363627354,2
-906218571164182,394708686999552,2
-337984426546042,-207193304965641,2
352253957294807,-28522917672173,2
-579528591192102,368767783086728,2
-360474062924219,133883436083352,2
271594647688422,-255832083324334,2
-402863565643893,-374282723697212,2
-353347647043121,-155691485928305,2
328785348571677,-183101260384315,2
-421211930483382,-992568760751477,2
-329311196850446,279717630848933,2
-451796313043532,-830720534515069,2
-136667083870621,-41086186951491,2
427467245434816,913732428940372,2
298610799691826,-617563937861528,2
424795924618478,-526511213067643,2
327748200704715,25605635563391,2
124341428406144,-451078537872434,2
-344664050741319,-169971693149968,2
346477602290545,-32114721945282,2
377890757572938,146150389930623,2
-435609584503417,-200784259217395,2
-273688080520028,-305640317928945,2
314257082432576,177211378817297,2
474965506423272,380374150864186,2
389911987152299,319808399065888,2
116841482918406,429867315728451,2
195516978748847,-265991810078962,2
-124899941244584,-376854646402704,2
-254829443092951,-362102864092854,2
-89766894991044,-203053301396581,3
-554751242394559,-202628668378563,3
-133369052724447,-200514686444263,3
-105135210708249,-21972663359734,3
-793370652361773,-199887717496149,3
-122144784161355,-197646551427062,3
-129213072359562,-209503698535211,3
-938804506673478,-217571479751953,3
-101453293359373,-203599606509152,3
-137691296869889,-231215895584245,3
-711010936181992,-183274528877569,3
-143097363773268,-19309450183551,3
-324788741650991,-209766703200711,3
-298445982858539,-199848658243951,3
-141573572647758,-201654541752504,3
-460209677112289,-216602133685269,3
-137183593434747,-208784343802655,3
-516426685382612,-190341841613976,3
-123475745937321,-21155821306734,3
-9138983997982,-207513957116156,3
-572651487775147,-207450843558547,3
-959844984579831,-187729475145259,3
-701898219413124,-201908579938214,3
-896386314067058,-194456892540253,3
-159367761807516,-192285668728963,3
-655191157478839,-203800667997908,3
-133722330455203,-21128551388356,3
-412126833340153,-1982989822296,3
-100454150489531,-203585423320511,3
-424425952602178,-185570615093134,3
-147330836160108,-205199468632433,3
-494322100421414,-203106420943993,3
-791248006280512,-193172625353984,3
-62429830734618,-206635784203654,3
-2086643736111,-200179505486369,3
-139466606418137,-195034089834684,3
-11087609580718,-204042747005057,3
-142234407237265,-212116488102141,3
-899694409919903,-196872562832638,3
-826084223343059,-202798618641897,3
-8304398576729,-220198551345447,3
-530681169591844,-197304211368222,3
-544477491639555,-198682007491308,3
-236892929999158,-216787712703815,3
-727028526482172,-205258795033041,3
-147906418377534,-201751246234451,3
-509705899050459,-205566307633916,3
-141970826208126,-194481515908915,3
-363145918934606,-215760515132803,3
-101610491483007,-209542927723911,3
-367744247079827,-204498634245985,3
-463380295084789,-185560936048484,3
-142896755947731,-201552540888138,3
-363498972728848,-210217189079899,3
-344453010940924,-184615302528169,3
-119528652378358,-202311759741265,3
-123343403229956,-194480761378483,3
-138299658580218,-1887820596313,3
-768959689303301,-195904546076475,3
-11037320215255,-186997384739591,3
-145958934654482,-207909212715352,3
-421161309233867,-184013805462515,3
-622733064461499,-218229002735044,3
-860899782855995,-209753631139768,3
-126384139875881,-205864606588518,3
-28267333866097,-197668904481976,3
-147799865948036,-204734486248253,3
-29652385530062,-194168890193114,3
-142918793577701,-195799705527081,3
-859818343422376,-193211390914295,3
-138345183210913,-185175389748305,3
-94767586060334,-214252840377619,3
-436466090963222,-190300250193499,3
-518912398139946,-202654657678619,3
-567173675866798,-208031055506852,3
-666339662508108,-21777034101916,3
-369972960907035,-208490368916257,3
-20819846901577,-20299478219146,3
-105390900664497,-219402444791899,3
-905065578874201,-203600327876338,3
-641813314519823,-194898938128302,3
-135311452543829,-212979704185296,3
-510476574883796,-200048474023479,3
-112092359689996,-21344852234889,3
-800839167670347,-200516841852312,3
-73955592548009,-191051502066409,3
-129868426825851,-221798822727942,3
-703325128764845,-176935835677328,3
-19413111009635,-211677503555509,3
-111133289546706,-190595702813268,3
-714844730682671,-179208984039381,3
-205242424272001,-209438240232733,3
-326073977630585,-206754541451264,3
-857529131462798,-189783496720026,3
-27907444210723,-20817503430667,3
-727902117767371,-20957120734011,3
-861374890431762,-184188807201733,3
-46043538255617,-182335571985126,3
-826208667363971,-202270351588855,3
-100505124160554,-177188898050247,3
-427073284517974,-305322180924378,4
-102571676624939,-304985004773576,4
-791031848173589,-311501395775759,4
-280869551002979,-298737590772719,4
-1188205752871,-295271361008289,4
-123324108647648,-301865252152064,4
-112441134208348,-316192864499583,4
-128889632492792,-304027590462194,4
-120679603423923,-295871877581948,4
-140626633807551,-307207194040605,4
-441889176378027,-305900652304191,4
-131802725465968,-311696266178617,4
-390521389315836,-294085433539282,4
-349159695091657,-306686389490017,4
-75761147774756,-268320623527835,4
-897229184629396,-289869605826419,4
-641169395414181,-301659873196514,4
-441701812553219,-299975835277324,4
-103111094527412,-307173019831744,4
-14391455235891,-29718661971692,4
-192207109183073,-299927181028864,4
-106143752345815,-317297002264083,4
-941710686078295,-318434736164092,4
-117247960413806,-293987969685897,4
-347896077437326,-323179375708166,4
-517129034735262,-303803120737196,4
-418017187505029,-283448350998084,4
-522076177527197,-316628550490155,4
-242242114269175,-297052703342184,4
-553360108751804,-284300985608066,4
-105033662170172,-29488053103238,4
-802232558839023,-287140975989361,4
-778087216895074,-309675147535597,4
-280299837584607,-293676106454933,4
-144214550137985,-298169213323537,4
-744640077813528,-286498838830763,4
-109342177666258,-275126723285557,4
-136810720316134,-298853383029185,4
-414756927173585,-28904259635996,4
-307082306477241,-30402709871193,4
-17161988967564,-303590697143545,4
-318831944838166,-305527882299165,4
-626271325279959,-313546749802757,4
-148917989793699,-299266611379377,4
-301043332787231,-300389885299921,4
-813860263908282,-292781301160186,4
-259244786342606,-302149189578062,4
-705315943574533,-309155849337735,4
-227929527056403,-301284385408022,4
-35894922085572,-281597895121786,4
-341042462387122,-295494687440094,4
-112438748788554,-297252063223393,4
-863856735639274,-289436235820029,4
-581126571865752,-282079457209457,4
-229132057749666,-282891807839014,4
-192996025434695,-304314289339375,4
-103942095127422,-300792768643851,4
-343551305355504,-303632250445006,4
-545571024413221,-302009904730369,4
-784669508342631,-295487180701637,4
-104213236947544,-304799419848022,4
-334276970475912,-311655251801267,4
-474581364076585,-302389439712906,4
-946418461971916,-28550165348091,4
-462286050897092,-281471261277469,4
-939443729119375,-304032315044628,4
-813063608016819,-291730316840438,4
-79266181611456,-301291349024126,4
-73366011295002,-301215268867984,4
-127636904432438,-306742732848005,4
-498371125780977,-315784337987944,4
-955917926039547,-281979236035529,4
-130647903587669,-291988831861355,4
-467964058625512,-317922647275082,4
-230552100925706,-303474187262754,4
-132387292000931,-284456840706703,4
-590788964065723,-298935072068141,4
-640544525580481,-298074910793295,4
-437486430862918,-291507720328591,4
-133276614127681,-290094853882467,4
-850900959572755,-293724177883552,4
-880348904407583,-29584784514444,4
-145475927833468,-285250609351653,4
-979036884382367,-282905279260885,4
-340706159826368,-297716403980507,4
-771215648157522,-302081168820606,4
-90391009405721,-299878542447277,4
-128074481617659,-29650277336745,4
-40230264980346,-306776446424099,4
-846672394545749,-293578173208026,4
-30424635973759,-312894380352694,4
-421281260205433,-277739327450255,4
-131412401539274,-324834193589759,4
-879599802894518,-298271657212942,4
-132055756403133,-300589041476545,4
-89542388857808,-29452547702695,4
-965077734435908,-304104736021043,4
-256550988648087,-275975948396864,4
-784874002682045,-301442209394424,4
-105919434316456,-299766035571654,4
-100478009297512,-704570429067335,5
645298875169829,-243796456521565,5
-11904431367293,-786918519142206,5
415410749847069,-250393657629278,5
-132260280428454,-335346215533992,5
13421913748607,-158451781211317,5
11502225715667,125387414958176,5
832521548727527,-177402105553215,5
-135338261467405,-242366797987888,5
417571279685944,-542330618346429,5
-105641135852784,-172300089079084,5
-228176051750779,48374462838522,5
-137727445363998,82048862474279,5
-338760505663231,-200241555890323,5
588199727470055,-242521580141674,5
715252432739362,-640796167316563,5
-51655735890381,-618777449314226,5
-403285969281569,-308345853183329,5
-14011699820403,-372166097063879,5
122310388111509,-699386754115345,5
-881545547861606,-205839723861269,5
119912670878693,-120864945963727,5
-102054847218096,104797322983086,5
608103373087943,-215902722305347,5
350655363639817,-227722931459657,5
116609315620735,-908875993499262,5
634135653264821,746845306340305,5
10904224072583,-967547816525937,5
-119565228628926,-151143271540468,5
-207804192323238,164805238598266,5
104200659901835,-146527734167614,5
-77278096228838,-123063004874338,5
538833933882415,-14419084746902,5
-112277188338339,779144331970653,5
277427412103862,-182534271569087,5
-601071237120777,-122887995263464,5
312840851722285,-106903731748753,5
133977134968154,-105868942584581,5
501845631748438,540406170246858,5
743662473745644,691106500225722,5
100433565373532,-122721691586308,5
-90701219625771,-687890370297913,5
-604993734508753,-187360262921687,5
-117620811145753,-153782137335315,5
547578306868672,-219694419125831,5
14112614938058,-210041581804787,5
14922076233197,-408780069644115,5
-582401798805222,-26628743230754,5
-108510747249238,-782722437775699,5
-132562888786197,-176221404339028,5
111241219413602,-272704356990194,6
106977744904728,-259734526690483,6
101809074786943,-243788097409544,6
983039716959421,-243374383277021,6
976547195264732,-256509902487202,6
864506930716295,-252087370685543,6
106299560785205,-232030883528583,6
104472701525165,-260987784148944,6
895595814154325,-232222579082468,6
981271442537623,-246830555918554,6
112872908702921,-239504235783684,6
112740928132619,-255262807850067,6
877883864180764,-261202125363024,6
108020219065496,-246017405059333,6
101268307007026,-245786931969963,6
103885148571835,-254251536490506,6
912780382678861,-258769910059811,6
979291300999102,-237000033956905,6
794158731102795,-26336786756495,6
92608766828855,-235707575702674,6
969337787562458,-255946931200865,6
113034176335332,-268826864578202,6
894134014494489,-22819688768276,6
103017201858352,-246212227213564,6
100899731868328,-26069312828705,6
863660774942888,-253751449816219,6
102825238713036,-257947977184624,6
115806994504338,-246848771312887,6
109400402463219,-248660606143163,6
111314302320108,-262405515755788,6
978630409930615,-24743519463079,6
1095783890475,-256740702067457,6
762919037046433,-243667726462149,6
874674139064516,-243976351267561,6
982515204836704,-250340336865263,6
101085115929011,-25789706360549,6
105169204543127,-254704355542142,6
107216343859448,-260128181376277,6
95400561672237,-241664467299266,6
951838845348883,-236459764377683,6
965072467774652,-249499272880135,6
943823402815629,-246631192443555,6
987529730160194,-252089988733194,6
108775523278606,-247815400121032,6
10463346913606,-231265247920763,6
956063466367055,-247382781950283,6
93075827075032,-236653054806436,6
989554720640944,-247522533538549,6
979200008743287,-263757848611836,6
112193084122282,-261905397817573,6
